threshold,policy,window_sensitivity,window_specificity,subject_sensitivity,subject_specificity,af_detected,af_total,nonaf_false_subjects,nonaf_total,median_false_alerts_per_hour,mean_false_alerts_per_hour,median_first_alert_s
0.3,1-of-1,0.987957181088314,0.8522245762711864,1.0,0.4375,19,19,9,16,3.0,4.125,30.0
0.3,2-of-3,0.9745762711864406,0.8591101694915254,1.0,0.5625,19,19,7,16,0.0,2.25,50.0
0.3,3-of-3,0.9616413916146298,0.8702330508474576,1.0,0.6875,19,19,5,16,0.0,1.125,50.0
0.3,3-of-5,0.9598572702943801,0.8670550847457628,1.0,0.6875,19,19,5,16,0.0,1.3125,70.0
0.35,1-of-1,0.9843889384478145,0.8559322033898306,1.0,0.5,19,19,8,16,1.5,3.1875,30.0
0.35,2-of-3,0.9736842105263158,0.861228813559322,1.0,0.5625,19,19,7,16,0.0,2.0625,50.0
0.35,3-of-3,0.9522747546833185,0.8707627118644068,1.0,0.6875,19,19,5,16,0.0,1.125,50.0
0.35,3-of-5,0.9585191793041927,0.868114406779661,1.0,0.6875,19,19,5,16,0.0,1.3125,70.0
0.4,1-of-1,0.9817127564674398,0.857521186440678,1.0,0.5625,19,19,7,16,0.0,2.8125,30.0
0.4,2-of-3,0.9705619982158786,0.8617584745762712,1.0,0.5625,19,19,7,16,0.0,2.0625,50.0
0.4,3-of-3,0.947814451382694,0.871292372881356,1.0,0.6875,19,19,5,16,0.0,0.9375,50.0
0.4,3-of-5,0.9562890276538805,0.8697033898305084,1.0,0.6875,19,19,5,16,0.0,1.125,70.0
0.45,1-of-1,0.9781445138269402,0.8596398305084746,1.0,0.5625,19,19,7,16,0.0,2.4375,30.0
0.45,2-of-3,0.9665477252453167,0.8638771186440678,1.0,0.5625,19,19,7,16,0.0,1.875,50.0
0.45,3-of-3,0.9420160570918823,0.871292372881356,1.0,0.6875,19,19,5,16,0.0,0.9375,50.0
0.45,3-of-5,0.9531668153434434,0.8707627118644068,1.0,0.6875,19,19,5,16,0.0,0.9375,70.0
0.5,1-of-1,0.975914362176628,0.8606991525423728,1.0,0.5625,19,19,7,16,0.0,2.25,30.0
0.5,2-of-3,0.9647636039250669,0.8649364406779662,1.0,0.625,19,19,6,16,0.0,1.6875,50.0
0.5,3-of-3,0.9380017841213203,0.871292372881356,1.0,0.6875,19,19,5,16,0.0,0.9375,50.0
0.5,3-of-5,0.9509366636931311,0.8707627118644068,1.0,0.6875,19,19,5,16,0.0,0.9375,70.0
0.55,1-of-1,0.971900089206066,0.8638771186440678,1.0,0.5625,19,19,7,16,0.0,2.625,30.0
0.55,2-of-3,0.9603033006244425,0.8665254237288136,1.0,0.625,19,19,6,16,0.0,1.3125,50.0
0.55,3-of-3,0.9330954504906334,0.8760593220338984,1.0,0.6875,19,19,5,16,0.0,1.3125,50.0
0.55,3-of-5,0.9464763603925067,0.871292372881356,1.0,0.6875,19,19,5,16,0.0,0.9375,70.0
0.6,1-of-1,0.9674397859054416,0.8665254237288136,1.0,0.5625,19,19,7,16,0.0,2.4375,30.0
0.6,2-of-3,0.9562890276538805,0.8691737288135594,1.0,0.625,19,19,6,16,0.0,1.5,50.0
0.6,3-of-3,0.9268510258697591,0.878707627118644,1.0,0.6875,19,19,5,16,0.0,1.5,50.0
0.6,3-of-5,0.943800178412132,0.871292372881356,1.0,0.6875,19,19,5,16,0.0,0.9375,70.0
0.65,1-of-1,0.9616413916146298,0.8707627118644068,1.0,0.5625,19,19,7,16,0.0,3.0,30.0
0.65,2-of-3,0.9522747546833185,0.8739406779661016,1.0,0.6875,19,19,5,16,0.0,1.6875,50.0
0.65,3-of-3,0.9174843889384479,0.8850635593220338,1.0,0.75,19,19,4,16,0.0,1.6875,50.0
0.65,3-of-5,0.9424620874219447,0.8739406779661016,1.0,0.6875,19,19,5,16,0.0,1.125,70.0
0.7,1-of-1,0.9509366636931311,0.8771186440677966,1.0,0.5625,19,19,7,16,0.0,4.5,30.0
0.7,2-of-3,0.9424620874219447,0.8771186440677966,1.0,0.6875,19,19,5,16,0.0,1.875,50.0
0.7,3-of-3,0.8983050847457628,0.8988347457627118,1.0,0.75,19,19,4,16,0.0,2.625,50.0
0.7,3-of-5,0.9339875111507583,0.8776483050847458,1.0,0.75,19,19,4,16,0.0,1.125,70.0
0.75,1-of-1,0.9424620874219447,0.8893008474576272,1.0,0.625,19,19,6,16,0.0,5.0625,30.0
0.75,2-of-3,0.9380017841213203,0.8908898305084746,1.0,0.75,19,19,4,16,0.0,3.0,50.0
0.75,3-of-3,0.8782337198929527,0.9136652542372882,1.0,0.75,19,19,4,16,0.0,3.0,50.0
0.75,3-of-5,0.9299732381801963,0.8882415254237288,1.0,0.75,19,19,4,16,0.0,1.6875,70.0
0.8,1-of-1,0.927743086529884,0.8998940677966102,1.0,0.75,19,19,4,16,0.0,4.6875,30.0
0.8,2-of-3,0.923728813559322,0.899364406779661,1.0,0.75,19,19,4,16,0.0,3.0,50.0
0.8,3-of-3,0.8559322033898306,0.923728813559322,1.0,0.75,19,19,4,16,0.0,2.625,50.0
0.8,3-of-5,0.9170383586083853,0.9014830508474576,1.0,0.75,19,19,4,16,0.0,2.8125,70.0
0.85,1-of-1,0.9063336306868867,0.9163135593220338,1.0,0.75,19,19,4,16,0.0,5.0625,30.0
0.85,2-of-3,0.9018733273862622,0.9194915254237288,1.0,0.8125,19,19,3,16,0.0,2.8125,50.0
0.85,3-of-3,0.8229259589652096,0.9396186440677966,1.0,0.8125,19,19,3,16,0.0,2.0625,50.0
0.85,3-of-5,0.8996431757359501,0.9258474576271186,1.0,0.8125,19,19,3,16,0.0,2.25,70.0
0.9,1-of-1,0.8742194469223907,0.9454449152542372,1.0,0.75,19,19,4,16,0.0,6.0,30.0
0.9,2-of-3,0.8719892952720785,0.9449152542372882,1.0,0.8125,19,19,3,16,0.0,3.375,50.0
0.9,3-of-3,0.7778768956289027,0.9729872881355932,1.0,0.875,19,19,2,16,0.0,2.25,50.0
0.9,3-of-5,0.8710972346119537,0.9486228813559322,1.0,0.8125,19,19,3,16,0.0,1.875,70.0
