record_id,label,method,global_f1,global_sensitivity,global_ppv,global_lag_ms,local_f1,local_sensitivity,local_ppv,local_lag_ms,lag_iqr_ms,hr_mae_bpm
mimic_perform_af_001,AF,current_scipy,0.8188504494688096,0.8164041281912005,0.8213114754098361,112.00000000008004,0.8057749931898666,0.8033677349266702,0.8081967213114755,105.99999999999454,12.999999999937728,0.95
mimic_perform_af_001,AF,neurokit_elgendi,0.8159912376779848,0.8093427485062467,0.8227498619547211,111.99999999999477,0.8044906900328587,0.7979359043997827,0.8111540585311983,107.99999999994725,17.999999999936733,1.6
mimic_perform_af_002,AF,current_scipy,0.9937522969496508,0.991929567131328,0.9955817378497791,663.9999999999873,0.992282249173098,0.9904622157006603,0.9941089837997055,667.9999999999744,26.00000000003365,1.35
mimic_perform_af_002,AF,neurokit_elgendi,0.9941176470588236,0.991929567131328,0.9963154016212233,663.9999999999873,0.9926470588235294,0.9904622157006603,0.9948415622697127,663.999999999973,16.000000000055024,1.2
mimic_perform_af_003,AF,current_scipy,0.998282377189969,0.9979395604395604,0.9986254295532646,503.9999999999907,0.9969082789419443,0.9965659340659341,0.9972508591065292,500.0000000000284,8.000000000016882,0.95
mimic_perform_af_003,AF,neurokit_elgendi,0.998281196287384,0.9972527472527473,0.9993117687543015,504.0000000000191,0.9969061533172913,0.9958791208791209,0.9979353062629044,504.0000000000191,1.9999999999882334,0.95
mimic_perform_af_004,AF,current_scipy,0.7640032948929161,0.7507082152974505,0.7777777777777778,271.9999999999345,0.7648270181219111,0.7515176042088223,0.7786163522012579,271.99999999996294,2.0000000000379714,6.1
mimic_perform_af_004,AF,neurokit_elgendi,0.7206776715899218,0.6713881019830028,0.7777777777777778,264.00000000001,0.7206776715899218,0.6713881019830028,0.7777777777777778,263.9999999999816,4.000000000019099,16.9
mimic_perform_af_005,AF,current_scipy,0.9834254143646408,0.9865399841646872,0.980330448465775,679.9999999998363,0.9818468823993686,0.9849564528899446,0.978756884343037,675.9999999999309,7.999999999856982,1.7
mimic_perform_af_005,AF,neurokit_elgendi,0.9873116574147501,0.9857482185273159,0.988880063542494,672.0000000000255,0.9857256145915939,0.9841646872525732,0.9872915011914217,672.0000000000255,7.048583938740194e-12,1.6
mimic_perform_af_006,AF,current_scipy,0.8905842200361372,0.8530769230769231,0.9315413691726165,216.00000000000819,0.8905842200361372,0.8530769230769231,0.9315413691726165,215.99999999999397,6.000000000049965,11.05
mimic_perform_af_006,AF,neurokit_elgendi,0.8495389773679799,0.7796153846153846,0.9332412523020258,216.00000000000819,0.8470243084660519,0.7773076923076923,0.9304788213627992,216.00000000000108,8.000000000006224,21.4
mimic_perform_af_007,AF,current_scipy,0.9501838849882982,0.9233268356075374,0.9786501377410468,719.9999999999989,0.759612169842862,0.7381416504223521,0.7823691460055097,720.0000000000131,71.99999999999568,4.85
mimic_perform_af_007,AF,neurokit_elgendi,0.9681025978296612,0.9564652371669915,0.9800266311584553,719.9999999999989,0.8010522854324235,0.7914230019493177,0.810918774966711,720.0000000000131,126.00000000001182,2.25
mimic_perform_af_008,AF,current_scipy,0.10666666666666666,0.1070559610705596,0.10628019323671498,336.00000000001273,0.12363636363636364,0.12408759124087591,0.12318840579710146,339.999999999975,69.99999999997897,4.7
mimic_perform_af_008,AF,neurokit_elgendi,0.10046801872074883,0.09793187347931874,0.1031390134529148,279.9999999999727,0.15226209048361936,0.14841849148418493,0.15631005765534914,291.9999999999874,138.00000000002296,4.65
mimic_perform_af_009,AF,current_scipy,0.8323674608285039,0.7859748682610458,0.8845802919708029,199.99999999998863,0.8366602275166345,0.7900283745439806,0.8891423357664233,196.0000000000086,9.999999999992667,13.85
mimic_perform_af_009,AF,neurokit_elgendi,0.7911449016100178,0.7170652614511552,0.8822942643391521,199.9999999998181,0.7960644007155636,0.7215241183623835,0.8877805486284289,195.99999999999795,9.999999999948272,23.1
mimic_perform_af_010,AF,current_scipy,0.9333333333333332,0.9130434782608695,0.9545454545454546,639.9999999999864,0.5398518518518518,0.5281159420289855,0.5521212121212121,526.0000000000105,234.9999999999995,5.05
mimic_perform_af_010,AF,neurokit_elgendi,0.9411064842355741,0.9171014492753623,0.9664019547953574,639.9999999999864,0.5407495538370019,0.5269565217391304,0.5552840562003665,572.0000000000596,158.9999999999634,4.9
mimic_perform_af_011,AF,current_scipy,0.6062124248496995,0.5876639145216125,0.6259699948266942,180.00000000006366,0.5871743486973947,0.569208353569694,0.6063114330056907,184.00000000002592,6.0000000000854925,7.4
mimic_perform_af_011,AF,neurokit_elgendi,0.5652062516013322,0.5356969402622632,0.5981561822125814,183.99999999996908,0.563156546246477,0.5337542496357455,0.5959869848156182,183.99999999996908,8.000000000009777,11.85
mimic_perform_af_012,AF,current_scipy,0.7789837197829305,0.7867463876432487,0.7713727405959941,160.00000000008185,0.782930439072521,0.7907324364723468,0.7752808988764045,164.0000000000441,10.999999999935284,3.6
mimic_perform_af_012,AF,neurokit_elgendi,0.7940573770491803,0.7722969606377678,0.8170795993674222,152.00000000004366,0.7822745901639344,0.7608370702541106,0.804955192409067,159.99999999991132,6.000000000071282,5.5
mimic_perform_af_013,AF,current_scipy,0.4822216454710615,0.4791129448169159,0.48537095088819227,240.0000000000091,0.4656112120425643,0.4626095925734915,0.46865203761755486,248.00000000001887,30.000000000086402,1.55
mimic_perform_af_013,AF,neurokit_elgendi,0.472556194458965,0.4662197008767406,0.4790673025967144,247.9999999999336,0.46471510716152636,0.4584837545126354,0.47111817700052994,247.99999999996203,27.00000000001876,2.9
mimic_perform_af_014,AF,current_scipy,0.4397846415415132,0.43941109852774635,0.4401588201928531,175.99999999998772,0.5355624822896005,0.5351075877689694,0.5360181508791833,264.0000000000384,278.00000000002,1.25
mimic_perform_af_014,AF,neurokit_elgendi,0.5001424095699231,0.4971687429218573,0.5031518624641834,159.9999999999966,0.6408430646539447,0.6370328425821065,0.6446991404011462,164.0000000000157,145.99999999998658,1.55
mimic_perform_af_015,AF,current_scipy,0.908315565031983,0.8329608938547486,0.9986604152712659,703.9999999999509,0.906487968321657,0.8312849162011173,0.9966510381781648,699.9999999999886,7.999999999945771,14.85
mimic_perform_af_015,AF,neurokit_elgendi,0.9088692471807376,0.8329608938547486,1.0,703.9999999999509,0.9070405364218227,0.8312849162011173,0.9979879275653923,703.9999999999509,2.0000000000023874,14.95
mimic_perform_af_016,AF,current_scipy,0.8548387096774195,0.8363390441839496,0.8741753063147973,111.99999999999655,0.8617511520737328,0.8431018935978359,0.88124410933082,115.99999999998545,14.000000000038426,5.3
mimic_perform_af_016,AF,neurokit_elgendi,0.8371764705882353,0.8020739404869252,0.875492125984252,112.00000000002319,0.8456470588235294,0.8101893597835889,0.8843503937007874,115.9999999999819,16.000000000014225,9.5
mimic_perform_af_017,AF,current_scipy,0.9947143216712812,0.9959677419354839,0.9934640522875817,560.0000000000023,0.8421847470425371,0.8432459677419355,0.8411261940673705,563.999999999993,93.99999999997988,1.65
mimic_perform_af_017,AF,neurokit_elgendi,0.984418901660281,0.9712701612903226,0.9979285344381149,560.0000000000023,0.9828863346104725,0.969758064516129,0.9963749352667012,563.999999999993,13.999999999995794,3.05
mimic_perform_af_018,AF,current_scipy,0.7174887892376682,0.7017543859649122,0.7339449541284404,175.99999999993088,0.7203209818267642,0.7045244690674054,0.7368421052631579,171.99999999999704,10.000000000012221,4.75
mimic_perform_af_018,AF,neurokit_elgendi,0.7104693140794224,0.6814404432132964,0.7420814479638009,168.00000000000637,0.7080625752105896,0.6791320406278855,0.7395676219205631,171.99999999999704,11.999999999964928,8.85
mimic_perform_af_019,AF,current_scipy,0.955531453362256,0.9422459893048128,0.9691969196919692,600.0000000000227,0.8210412147505423,0.8096256684491978,0.8327832783278328,604.0000000000134,115.99999999998545,3.5
mimic_perform_af_019,AF,neurokit_elgendi,0.955998906805138,0.9352941176470588,0.9776411403018446,600.0000000000227,0.8335610822629135,0.8155080213903744,0.8524315259921744,604.0000000000134,117.99999999998079,4.05
mimic_perform_non_af_001,Non-AF,current_scipy,0.9671052631578948,0.9655172413793104,0.9686985172981878,631.9999999999482,0.9613486842105263,0.9597701149425287,0.9629324546952224,627.9999999999859,37.99999999992565,1.4
mimic_perform_non_af_001,Non-AF,neurokit_elgendi,0.9711459192085737,0.9671592775041051,0.9751655629139073,632.000000000005,0.9653751030502886,0.9614121510673235,0.9693708609271523,632.0000000000015,31.999999999987608,1.5
mimic_perform_non_af_002,Non-AF,current_scipy,0.999009900990099,0.999009900990099,0.999009900990099,719.9999999997999,0.997029702970297,0.997029702970297,0.997029702970297,719.9999999999562,4.00000000005457,0.9
mimic_perform_non_af_002,Non-AF,neurokit_elgendi,0.999009900990099,0.999009900990099,0.999009900990099,711.9999999999891,0.997029702970297,0.997029702970297,0.997029702970297,711.9999999999961,4.000000000015575,0.9
mimic_perform_non_af_003,Non-AF,current_scipy,0.9937205651491365,0.9890625,0.998422712933754,584.0000000000032,0.9921507064364208,0.9875,0.9968454258675079,584.0000000000032,5.999999999971806,1.1
mimic_perform_non_af_003,Non-AF,neurokit_elgendi,0.9952953476215368,0.9916666666666667,0.9989506820566632,584.0000000000032,0.9937271301620492,0.9901041666666667,0.9973767051416579,584.0000000000032,2.0000000000379714,0.8
mimic_perform_non_af_004,Non-AF,current_scipy,0.9893223819301847,0.9820627802690582,0.9966901117087298,128.00000000004275,0.9897330595482545,0.9824704443538524,0.9971038477451386,132.000000000005,7.999999999945828,2.1
mimic_perform_non_af_004,Non-AF,neurokit_elgendi,0.9872375463153561,0.9775784753363229,0.9970893970893971,135.99999999996726,0.9872375463153561,0.9775784753363229,0.9970893970893971,132.000000000005,7.999999999945828,2.8
mimic_perform_non_af_005,Non-AF,current_scipy,1.0,1.0,1.0,56.00000000004002,1.0,1.0,1.0,60.000000000002274,9.999999999948272,0.6
mimic_perform_non_af_005,Non-AF,neurokit_elgendi,0.9997663005375087,0.9995327102803738,1.0,63.99999999996453,0.9997663005375087,0.9995327102803738,1.0,60.000000000030695,10.000000000001563,0.65
mimic_perform_non_af_006,Non-AF,current_scipy,0.9646162221012521,0.9609544468546638,0.9683060109289617,40.00000000000625,0.970059880239521,0.9663774403470716,0.9737704918032787,36.00000000001913,165.99999999996663,1.1
mimic_perform_non_af_006,Non-AF,neurokit_elgendi,0.9667574931880109,0.9620390455531453,0.9715224534501643,40.00000000000625,0.9738419618528611,0.9690889370932755,0.9786418400876232,36.00000000001913,165.99999999996663,1.3
mimic_perform_non_af_007,Non-AF,current_scipy,0.9541284403669724,0.9657142857142857,0.9428172942817294,695.9999999999127,0.9527170077628794,0.9642857142857143,0.9414225941422594,692.0000000000073,7.999999999846409,3.1
mimic_perform_non_af_007,Non-AF,neurokit_elgendi,0.9691535150645625,0.965,0.973342939481268,695.999999999998,0.9677187948350071,0.9635714285714285,0.9719020172910663,696.0000000000122,4.979483492206782e-11,1.7
mimic_perform_non_af_008,Non-AF,current_scipy,0.9907940161104719,0.9930795847750865,0.9885189437428243,615.9999999999854,0.9890678941311852,0.9913494809688581,0.986796785304248,612.0000000000232,7.999999999938723,0.9
mimic_perform_non_af_008,Non-AF,neurokit_elgendi,0.9910378722174038,0.9884659746251442,0.9936231884057971,615.9999999999854,0.9893032668401271,0.9867358708189158,0.9918840579710145,615.9999999999854,1.9999999999953388,0.75
mimic_perform_non_af_009,Non-AF,current_scipy,0.9991467576791809,1.0,0.9982949701619779,624.0000000000236,0.9982935153583617,0.9991460290350128,0.9974424552429667,623.9999999999952,2.999999999989427,1.1
mimic_perform_non_af_009,Non-AF,neurokit_elgendi,0.9991467576791809,1.0,0.9982949701619779,631.9999999999482,0.9982935153583617,0.9991460290350128,0.9974424552429667,627.9999999999859,7.999999999938723,1.1
mimic_perform_non_af_010,Non-AF,current_scipy,0.9727958046542119,0.9718402095612312,0.973753280839895,728.0000000000655,0.970829236315962,0.9698755730189915,0.9717847769028871,735.99999999999,3.9999999999906777,1.65
mimic_perform_non_af_010,Non-AF,neurokit_elgendi,0.9775725593667547,0.9705304518664047,0.9847176079734219,735.99999999999,0.9755936675461743,0.9685658153241651,0.9827242524916944,735.99999999999,2.0000000000379714,1.4
mimic_perform_non_af_011,Non-AF,current_scipy,0.9982373678025852,0.9988242210464433,0.997651203758074,623.9999999999952,0.9970622796709754,0.9976484420928865,0.9964768056371109,624.0000000000094,2.000000000030923,0.5
mimic_perform_non_af_011,Non-AF,neurokit_elgendi,0.9988242210464433,0.9988242210464433,0.9988242210464433,624.0000000000236,0.9976484420928865,0.9976484420928865,0.9976484420928865,627.9999999999859,9.99999999994111,0.4
mimic_perform_non_af_012,Non-AF,current_scipy,0.35499650593990223,0.29364161849710985,0.44876325088339225,288.0000000000109,0.37456324248777073,0.30982658959537573,0.4734982332155477,283.9999999999918,48.99999999999949,29.9
mimic_perform_non_af_012,Non-AF,neurokit_elgendi,0.3735408560311284,0.30520231213872834,0.4813126709206928,272.0000000000482,0.3876901308807924,0.31676300578034683,0.4995442114858706,276.00000000001046,53.99999999989012,31.65
mimic_perform_non_af_013,Non-AF,current_scipy,0.9948213360952874,0.9943064182194618,0.9953367875647668,24.00000000000091,0.9948213360952874,0.9943064182194618,0.9953367875647668,24.00000000000091,2.8421709430404007e-11,0.5
mimic_perform_non_af_013,Non-AF,neurokit_elgendi,0.9950738916256158,0.9932712215320911,0.9968831168831169,24.00000000000091,0.9950738916256158,0.9932712215320911,0.9968831168831169,24.00000000000091,2.8421709430404007e-11,0.45
mimic_perform_non_af_014,Non-AF,current_scipy,0.19573052398114776,0.22570332480818414,0.1727851199216838,432.00000000001637,0.4108677571388966,0.47378516624040923,0.36270190895741555,511.99999999998624,194.0000000000457,23.95
mimic_perform_non_af_014,Non-AF,neurokit_elgendi,0.7915721231766613,0.780690537084399,0.8027613412228797,679.9999999999998,0.7857374392220421,0.7749360613810742,0.796844181459566,680.0000000000352,6.00000000004286,3.35
mimic_perform_non_af_015,Non-AF,current_scipy,0.9952502740226525,0.9992663242846662,0.9912663755458515,672.0000000000255,0.9930580928023385,0.9970652971386648,0.9890829694323144,672.0000000000255,2.0000000000237605,1.05
mimic_perform_non_af_015,Non-AF,neurokit_elgendi,0.9996330275229358,0.9992663242846662,1.0,672.0000000000255,0.9974311926605505,0.9970652971386648,0.9977973568281938,672.0000000000255,1.9999999999953388,0.55
mimic_perform_non_af_016,Non-AF,current_scipy,0.9907780979827089,0.9907780979827089,0.9907780979827089,671.999999999997,0.9861671469740634,0.9861671469740634,0.9861671469740634,343.9999999999941,629.9999999999493,0.7
mimic_perform_non_af_016,Non-AF,neurokit_elgendi,0.9930675909878682,0.9907780979827089,0.9953676896352056,672.0000000000041,0.7446562680531487,0.7429394812680116,0.7463810075275044,144.00000000000546,344.0000000000225,0.4
